"route_id","service_id","trip_id","trip_headsign","trip_long_name","direction_code","shape_id","wheelchair_accessible"
"935de62fc0d6ea1339920cab0ccbcdbc",99921,582184,"FI","Nõlvaku - FI","B>A",15560,0
"935de62fc0d6ea1339920cab0ccbcdbc",99921,582188,"FI","Nõlvaku - FI","B>A",15560,0
"935de62fc0d6ea1339920cab0ccbcdbc",99921,582192,"FI","Nõlvaku - FI","B>A",15560,0
"935de62fc0d6ea1339920cab0ccbcdbc",99921,582196,"FI","Nõlvaku - FI","B>A",15560,0
"935de62fc0d6ea1339920cab0ccbcdbc",99921,582200,"FI","Nõlvaku - FI","B>A",15560,0
"935de62fc0d6ea1339920cab0ccbcdbc",99921,582204,"FI","Nõlvaku - FI","B>A",15560,0
"935de62fc0d6ea1339920cab0ccbcdbc",99921,582208,"FI","Nõlvaku - FI","B>A",15560,0
"935de62fc0d6ea1339920cab0ccbcdbc",99921,582212,"FI","Nõlvaku - FI","B>A",15560,0
"935de62fc0d6ea1339920cab0ccbcdbc",99921,582217,"FI","Nõlvaku - FI","B>A",15560,0
"935de62fc0d6ea1339920cab0ccbcdbc",99968,582391,"FI","Nõlvaku - FI","B>A",15560,0
"935de62fc0d6ea1339920cab0ccbcdbc",99968,582395,"FI","Nõlvaku - FI","B>A",15560,0
"935de62fc0d6ea1339920cab0ccbcdbc",99968,582399,"FI","Nõlvaku - FI","B>A",15560,0
"935de62fc0d6ea1339920cab0ccbcdbc",99968,582403,"FI","Nõlvaku - FI","B>A",15560,0
"935de62fc0d6ea1339920cab0ccbcdbc",99968,582407,"FI","Nõlvaku - FI","B>A",15560,0
"935de62fc0d6ea1339920cab0ccbcdbc",99968,582411,"FI","Nõlvaku - FI","B>A",15560,0
"935de62fc0d6ea1339920cab0ccbcdbc",99968,582415,"FI","Nõlvaku - FI","B>A",15560,0
"935de62fc0d6ea1339920cab0ccbcdbc",99969,582420,"FI","Nõlvaku - FI","B>A",15560,0
"935de62fc0d6ea1339920cab0ccbcdbc",99969,582424,"FI","Nõlvaku - FI","B>A",15560,0
"935de62fc0d6ea1339920cab0ccbcdbc",99969,582428,"FI","Nõlvaku - FI","B>A",15560,0
"935de62fc0d6ea1339920cab0ccbcdbc",99969,582432,"FI","Nõlvaku - FI","B>A",15560,0
"935de62fc0d6ea1339920cab0ccbcdbc",99969,582436,"FI","Nõlvaku - FI","B>A",15560,0
"935de62fc0d6ea1339920cab0ccbcdbc",99969,596969,"FI","Nõlvaku - FI","B>A",15560,0
"935de62fc0d6ea1339920cab0ccbcdbc",99969,596973,"FI","Nõlvaku - FI","B>A",15560,0
"935de62fc0d6ea1339920cab0ccbcdbc",99969,596977,"FI","Nõlvaku - FI","B>A",15560,0
"935de62fc0d6ea1339920cab0ccbcdbc",99969,596981,"FI","Nõlvaku - FI","B>A",15560,0
"935de62fc0d6ea1339920cab0ccbcdbc",99970,596984,"FI","Nõlvaku - FI","B>A",15560,0
"935de62fc0d6ea1339920cab0ccbcdbc",99970,596988,"FI","Nõlvaku - FI","B>A",15560,0
"935de62fc0d6ea1339920cab0ccbcdbc",99970,596992,"FI","Nõlvaku - FI","B>A",15560,0
"935de62fc0d6ea1339920cab0ccbcdbc",99970,596996,"FI","Nõlvaku - FI","B>A",15560,0
"935de62fc0d6ea1339920cab0ccbcdbc",99970,597000,"FI","Nõlvaku - FI","B>A",15560,0
"935de62fc0d6ea1339920cab0ccbcdbc",99970,597004,"FI","Nõlvaku - FI","B>A",15560,0
"935de62fc0d6ea1339920cab0ccbcdbc",99970,597008,"FI","Nõlvaku - FI","B>A",15560,0
"935de62fc0d6ea1339920cab0ccbcdbc",99970,597012,"FI","Nõlvaku - FI","B>A",15560,0
"935de62fc0d6ea1339920cab0ccbcdbc",99970,597016,"FI","Nõlvaku - FI","B>A",15560,0
"935de62fc0d6ea1339920cab0ccbcdbc",99971,597019,"FI","Nõlvaku - FI","B>A",15560,0
"935de62fc0d6ea1339920cab0ccbcdbc",99971,597023,"FI","Nõlvaku - FI","B>A",15560,0
"935de62fc0d6ea1339920cab0ccbcdbc",99971,597027,"FI","Nõlvaku - FI","B>A",15560,0
"935de62fc0d6ea1339920cab0ccbcdbc",99971,597031,"FI","Nõlvaku - FI","B>A",15560,0
"935de62fc0d6ea1339920cab0ccbcdbc",99971,597035,"FI","Nõlvaku - FI","B>A",15560,0
"935de62fc0d6ea1339920cab0ccbcdbc",99971,597039,"FI","Nõlvaku - FI","B>A",15560,0
"935de62fc0d6ea1339920cab0ccbcdbc",99971,597043,"FI","Nõlvaku - FI","B>A",15560,0
"935de62fc0d6ea1339920cab0ccbcdbc",99971,597047,"FI","Nõlvaku - FI","B>A",15560,0
"935de62fc0d6ea1339920cab0ccbcdbc",99971,597051,"FI","Nõlvaku - FI","B>A",15560,0
"935de62fc0d6ea1339920cab0ccbcdbc",99971,597055,"FI","Nõlvaku - FI","B>A",15560,0
"935de62fc0d6ea1339920cab0ccbcdbc",99972,597056,"FI","Nõlvaku - FI","B>A",15560,0
"935de62fc0d6ea1339920cab0ccbcdbc",99972,597060,"FI","Nõlvaku - FI","B>A",15560,0
"935de62fc0d6ea1339920cab0ccbcdbc",99972,597064,"FI","Nõlvaku - FI","B>A",15560,0
"935de62fc0d6ea1339920cab0ccbcdbc",99972,597068,"FI","Nõlvaku - FI","B>A",15560,0
"935de62fc0d6ea1339920cab0ccbcdbc",99972,597072,"FI","Nõlvaku - FI","B>A",15560,0
"935de62fc0d6ea1339920cab0ccbcdbc",99972,597076,"FI","Nõlvaku - FI","B>A",15560,0
"935de62fc0d6ea1339920cab0ccbcdbc",99972,597080,"FI","Nõlvaku - FI","B>A",15560,0
"935de62fc0d6ea1339920cab0ccbcdbc",99972,597084,"FI","Nõlvaku - FI","B>A",15560,0
"935de62fc0d6ea1339920cab0ccbcdbc",99973,597087,"FI","Nõlvaku - FI","B>A",15560,0
"935de62fc0d6ea1339920cab0ccbcdbc",99973,597091,"FI","Nõlvaku - FI","B>A",15560,0
"935de62fc0d6ea1339920cab0ccbcdbc",99973,597095,"FI","Nõlvaku - FI","B>A",15560,0
"935de62fc0d6ea1339920cab0ccbcdbc",99973,597099,"FI","Nõlvaku - FI","B>A",15560,0
"935de62fc0d6ea1339920cab0ccbcdbc",99973,597103,"FI","Nõlvaku - FI","B>A",15560,0
"935de62fc0d6ea1339920cab0ccbcdbc",99978,597106,"FI","Nõlvaku - FI","B>A",15560,0
"935de62fc0d6ea1339920cab0ccbcdbc",99978,597110,"FI","Nõlvaku - FI","B>A",15560,0
"935de62fc0d6ea1339920cab0ccbcdbc",99978,597114,"FI","Nõlvaku - FI","B>A",15560,0
"935de62fc0d6ea1339920cab0ccbcdbc",99921,582186,"Nõlvaku","FI - Nõlvaku","A>B",31047,0
"935de62fc0d6ea1339920cab0ccbcdbc",99921,582190,"Nõlvaku","FI - Nõlvaku","A>B",31047,0
"935de62fc0d6ea1339920cab0ccbcdbc",99921,582194,"Nõlvaku","FI - Nõlvaku","A>B",31047,0
"935de62fc0d6ea1339920cab0ccbcdbc",99921,582198,"Nõlvaku","FI - Nõlvaku","A>B",31047,0
"935de62fc0d6ea1339920cab0ccbcdbc",99921,582202,"Nõlvaku","FI - Nõlvaku","A>B",31047,0
"935de62fc0d6ea1339920cab0ccbcdbc",99921,582206,"Nõlvaku","FI - Nõlvaku","A>B",31047,0
"935de62fc0d6ea1339920cab0ccbcdbc",99921,582210,"Nõlvaku","FI - Nõlvaku","A>B",31047,0
"935de62fc0d6ea1339920cab0ccbcdbc",99921,582214,"Nõlvaku","FI - Nõlvaku","A>B",31047,0
"935de62fc0d6ea1339920cab0ccbcdbc",99968,582388,"Nõlvaku","FI - Nõlvaku","A>B",31047,0
"935de62fc0d6ea1339920cab0ccbcdbc",99968,582393,"Nõlvaku","FI - Nõlvaku","A>B",31047,0
"935de62fc0d6ea1339920cab0ccbcdbc",99968,582397,"Nõlvaku","FI - Nõlvaku","A>B",31047,0
"935de62fc0d6ea1339920cab0ccbcdbc",99968,582401,"Nõlvaku","FI - Nõlvaku","A>B",31047,0
"935de62fc0d6ea1339920cab0ccbcdbc",99968,582405,"Nõlvaku","FI - Nõlvaku","A>B",31047,0
"935de62fc0d6ea1339920cab0ccbcdbc",99968,582409,"Nõlvaku","FI - Nõlvaku","A>B",31047,0
"935de62fc0d6ea1339920cab0ccbcdbc",99968,582413,"Nõlvaku","FI - Nõlvaku","A>B",31047,0
"935de62fc0d6ea1339920cab0ccbcdbc",99968,582417,"Nõlvaku","FI - Nõlvaku","A>B",31047,0
"935de62fc0d6ea1339920cab0ccbcdbc",99969,582418,"Nõlvaku","FI - Nõlvaku","A>B",31047,0
"935de62fc0d6ea1339920cab0ccbcdbc",99969,582422,"Nõlvaku","FI - Nõlvaku","A>B",31047,0
"935de62fc0d6ea1339920cab0ccbcdbc",99969,582426,"Nõlvaku","FI - Nõlvaku","A>B",31047,0
"935de62fc0d6ea1339920cab0ccbcdbc",99969,582430,"Nõlvaku","FI - Nõlvaku","A>B",31047,0
"935de62fc0d6ea1339920cab0ccbcdbc",99969,582434,"Nõlvaku","FI - Nõlvaku","A>B",31047,0
"935de62fc0d6ea1339920cab0ccbcdbc",99969,582438,"Nõlvaku","FI - Nõlvaku","A>B",31047,0
"935de62fc0d6ea1339920cab0ccbcdbc",99969,596971,"Nõlvaku","FI - Nõlvaku","A>B",31047,0
"935de62fc0d6ea1339920cab0ccbcdbc",99969,596975,"Nõlvaku","FI - Nõlvaku","A>B",31047,0
"935de62fc0d6ea1339920cab0ccbcdbc",99969,596979,"Nõlvaku","FI - Nõlvaku","A>B",31047,0
"935de62fc0d6ea1339920cab0ccbcdbc",99969,596983,"Nõlvaku","FI - Nõlvaku","A>B",31047,0
"935de62fc0d6ea1339920cab0ccbcdbc",99970,596986,"Nõlvaku","FI - Nõlvaku","A>B",31047,0
"935de62fc0d6ea1339920cab0ccbcdbc",99970,596990,"Nõlvaku","FI - Nõlvaku","A>B",31047,0
"935de62fc0d6ea1339920cab0ccbcdbc",99970,596994,"Nõlvaku","FI - Nõlvaku","A>B",31047,0
"935de62fc0d6ea1339920cab0ccbcdbc",99970,596998,"Nõlvaku","FI - Nõlvaku","A>B",31047,0
"935de62fc0d6ea1339920cab0ccbcdbc",99970,597002,"Nõlvaku","FI - Nõlvaku","A>B",31047,0
"935de62fc0d6ea1339920cab0ccbcdbc",99970,597006,"Nõlvaku","FI - Nõlvaku","A>B",31047,0
"935de62fc0d6ea1339920cab0ccbcdbc",99970,597010,"Nõlvaku","FI - Nõlvaku","A>B",31047,0
"935de62fc0d6ea1339920cab0ccbcdbc",99970,597014,"Nõlvaku","FI - Nõlvaku","A>B",31047,0
"935de62fc0d6ea1339920cab0ccbcdbc",99970,597018,"Nõlvaku","FI - Nõlvaku","A>B",31047,0
"935de62fc0d6ea1339920cab0ccbcdbc",99971,597021,"Nõlvaku","FI - Nõlvaku","A>B",31047,0
"935de62fc0d6ea1339920cab0ccbcdbc",99971,597025,"Nõlvaku","FI - Nõlvaku","A>B",31047,0
"935de62fc0d6ea1339920cab0ccbcdbc",99971,597029,"Nõlvaku","FI - Nõlvaku","A>B",31047,0
"935de62fc0d6ea1339920cab0ccbcdbc",99971,597033,"Nõlvaku","FI - Nõlvaku","A>B",31047,0
"935de62fc0d6ea1339920cab0ccbcdbc",99971,597037,"Nõlvaku","FI - Nõlvaku","A>B",31047,0
"935de62fc0d6ea1339920cab0ccbcdbc",99971,597041,"Nõlvaku","FI - Nõlvaku","A>B",31047,0
"935de62fc0d6ea1339920cab0ccbcdbc",99971,597045,"Nõlvaku","FI - Nõlvaku","A>B",31047,0
"935de62fc0d6ea1339920cab0ccbcdbc",99971,597049,"Nõlvaku","FI - Nõlvaku","A>B",31047,0
"935de62fc0d6ea1339920cab0ccbcdbc",99971,597053,"Nõlvaku","FI - Nõlvaku","A>B",31047,0
"935de62fc0d6ea1339920cab0ccbcdbc",99972,597058,"Nõlvaku","FI - Nõlvaku","A>B",31047,0
"935de62fc0d6ea1339920cab0ccbcdbc",99972,597062,"Nõlvaku","FI - Nõlvaku","A>B",31047,0
"935de62fc0d6ea1339920cab0ccbcdbc",99972,597066,"Nõlvaku","FI - Nõlvaku","A>B",31047,0
"935de62fc0d6ea1339920cab0ccbcdbc",99972,597070,"Nõlvaku","FI - Nõlvaku","A>B",31047,0
"935de62fc0d6ea1339920cab0ccbcdbc",99972,597074,"Nõlvaku","FI - Nõlvaku","A>B",31047,0
"935de62fc0d6ea1339920cab0ccbcdbc",99972,597078,"Nõlvaku","FI - Nõlvaku","A>B",31047,0
"935de62fc0d6ea1339920cab0ccbcdbc",99972,597082,"Nõlvaku","FI - Nõlvaku","A>B",31047,0
"935de62fc0d6ea1339920cab0ccbcdbc",99972,597086,"Nõlvaku","FI - Nõlvaku","A>B",31047,0
"935de62fc0d6ea1339920cab0ccbcdbc",99973,597089,"Nõlvaku","FI - Nõlvaku","A>B",31047,0
"935de62fc0d6ea1339920cab0ccbcdbc",99973,597093,"Nõlvaku","FI - Nõlvaku","A>B",31047,0
"935de62fc0d6ea1339920cab0ccbcdbc",99973,597097,"Nõlvaku","FI - Nõlvaku","A>B",31047,0
"935de62fc0d6ea1339920cab0ccbcdbc",99973,597101,"Nõlvaku","FI - Nõlvaku","A>B",31047,0
"935de62fc0d6ea1339920cab0ccbcdbc",99973,597105,"Nõlvaku","FI - Nõlvaku","A>B",31047,0
"935de62fc0d6ea1339920cab0ccbcdbc",99978,597108,"Nõlvaku","FI - Nõlvaku","A>B",31047,0
"935de62fc0d6ea1339920cab0ccbcdbc",99978,597112,"Nõlvaku","FI - Nõlvaku","A>B",31047,0
"935de62fc0d6ea1339920cab0ccbcdbc",99978,597116,"Nõlvaku","FI - Nõlvaku","A>B",31047,0
"935de62fc0d6ea1339920cab0ccbcdbc",100651,597865,"Nõlvaku","FI - Nõlvaku","A>B",31047,0
"935de62fc0d6ea1339920cab0ccbcdbc",100651,597869,"Nõlvaku","FI - Nõlvaku","A>B",31047,0
"935de62fc0d6ea1339920cab0ccbcdbc",100651,597873,"Nõlvaku","FI - Nõlvaku","A>B",31047,0
"935de62fc0d6ea1339920cab0ccbcdbc",100651,597877,"Nõlvaku","FI - Nõlvaku","A>B",31047,0
"935de62fc0d6ea1339920cab0ccbcdbc",100651,597881,"Nõlvaku","FI - Nõlvaku","A>B",31047,0
"935de62fc0d6ea1339920cab0ccbcdbc",100651,597885,"Nõlvaku","FI - Nõlvaku","A>B",31047,0
"935de62fc0d6ea1339920cab0ccbcdbc",100651,597889,"Nõlvaku","FI - Nõlvaku","A>B",31047,0
"935de62fc0d6ea1339920cab0ccbcdbc",100651,597893,"Nõlvaku","FI - Nõlvaku","A>B",31047,0
"935de62fc0d6ea1339920cab0ccbcdbc",100651,597897,"Nõlvaku","FI - Nõlvaku","A>B",31047,0
"935de62fc0d6ea1339920cab0ccbcdbc",100651,597901,"Nõlvaku","FI - Nõlvaku","A>B",31047,0
"935de62fc0d6ea1339920cab0ccbcdbc",100651,597905,"Nõlvaku","FI - Nõlvaku","A>B",31047,0
"935de62fc0d6ea1339920cab0ccbcdbc",100652,597906,"Nõlvaku","FI - Nõlvaku","A>B",31047,0
"935de62fc0d6ea1339920cab0ccbcdbc",100652,597910,"Nõlvaku","FI - Nõlvaku","A>B",31047,0
"935de62fc0d6ea1339920cab0ccbcdbc",100652,597914,"Nõlvaku","FI - Nõlvaku","A>B",31047,0
"935de62fc0d6ea1339920cab0ccbcdbc",100652,597918,"Nõlvaku","FI - Nõlvaku","A>B",31047,0
"935de62fc0d6ea1339920cab0ccbcdbc",100652,597922,"Nõlvaku","FI - Nõlvaku","A>B",31047,0
"935de62fc0d6ea1339920cab0ccbcdbc",100652,597926,"Nõlvaku","FI - Nõlvaku","A>B",31047,0
"935de62fc0d6ea1339920cab0ccbcdbc",100652,597930,"Nõlvaku","FI - Nõlvaku","A>B",31047,0
"935de62fc0d6ea1339920cab0ccbcdbc",100652,597934,"Nõlvaku","FI - Nõlvaku","A>B",31047,0
"935de62fc0d6ea1339920cab0ccbcdbc",100652,597938,"Nõlvaku","FI - Nõlvaku","A>B",31047,0
"935de62fc0d6ea1339920cab0ccbcdbc",100652,597942,"Nõlvaku","FI - Nõlvaku","A>B",31047,0
"935de62fc0d6ea1339920cab0ccbcdbc",100652,597946,"Nõlvaku","FI - Nõlvaku","A>B",31047,0
"935de62fc0d6ea1339920cab0ccbcdbc",100652,597950,"Nõlvaku","FI - Nõlvaku","A>B",31047,0
"935de62fc0d6ea1339920cab0ccbcdbc",100652,597954,"Nõlvaku","FI - Nõlvaku","A>B",31047,0
"935de62fc0d6ea1339920cab0ccbcdbc",100652,597958,"Nõlvaku","FI - Nõlvaku","A>B",31047,0
"935de62fc0d6ea1339920cab0ccbcdbc",100653,597959,"Nõlvaku","FI - Nõlvaku","A>B",31047,0
"935de62fc0d6ea1339920cab0ccbcdbc",100653,597963,"Nõlvaku","FI - Nõlvaku","A>B",31047,0
"935de62fc0d6ea1339920cab0ccbcdbc",100653,597967,"Nõlvaku","FI - Nõlvaku","A>B",31047,0
"935de62fc0d6ea1339920cab0ccbcdbc",100653,597971,"Nõlvaku","FI - Nõlvaku","A>B",31047,0
"935de62fc0d6ea1339920cab0ccbcdbc",100653,597975,"Nõlvaku","FI - Nõlvaku","A>B",31047,0
"935de62fc0d6ea1339920cab0ccbcdbc",100653,597979,"Nõlvaku","FI - Nõlvaku","A>B",31047,0
"935de62fc0d6ea1339920cab0ccbcdbc",100653,597983,"Nõlvaku","FI - Nõlvaku","A>B",31047,0
"935de62fc0d6ea1339920cab0ccbcdbc",100653,597987,"Nõlvaku","FI - Nõlvaku","A>B",31047,0
"935de62fc0d6ea1339920cab0ccbcdbc",100653,597991,"Nõlvaku","FI - Nõlvaku","A>B",31047,0
"935de62fc0d6ea1339920cab0ccbcdbc",100653,597995,"Nõlvaku","FI - Nõlvaku","A>B",31047,0
"935de62fc0d6ea1339920cab0ccbcdbc",100653,597999,"Nõlvaku","FI - Nõlvaku","A>B",31047,0
"935de62fc0d6ea1339920cab0ccbcdbc",100653,598003,"Nõlvaku","FI - Nõlvaku","A>B",31047,0
"935de62fc0d6ea1339920cab0ccbcdbc",100653,598007,"Nõlvaku","FI - Nõlvaku","A>B",31047,0
"935de62fc0d6ea1339920cab0ccbcdbc",100654,598012,"Nõlvaku","FI - Nõlvaku","A>B",31047,0
"935de62fc0d6ea1339920cab0ccbcdbc",100654,598016,"Nõlvaku","FI - Nõlvaku","A>B",31047,0
"935de62fc0d6ea1339920cab0ccbcdbc",100654,598020,"Nõlvaku","FI - Nõlvaku","A>B",31047,0
"935de62fc0d6ea1339920cab0ccbcdbc",100654,598024,"Nõlvaku","FI - Nõlvaku","A>B",31047,0
"935de62fc0d6ea1339920cab0ccbcdbc",100654,598028,"Nõlvaku","FI - Nõlvaku","A>B",31047,0
"935de62fc0d6ea1339920cab0ccbcdbc",100654,598032,"Nõlvaku","FI - Nõlvaku","A>B",31047,0
"935de62fc0d6ea1339920cab0ccbcdbc",100654,598036,"Nõlvaku","FI - Nõlvaku","A>B",31047,0
"935de62fc0d6ea1339920cab0ccbcdbc",100654,598040,"Nõlvaku","FI - Nõlvaku","A>B",31047,0
"935de62fc0d6ea1339920cab0ccbcdbc",100654,598044,"Nõlvaku","FI - Nõlvaku","A>B",31047,0
"935de62fc0d6ea1339920cab0ccbcdbc",100651,597863,"FI","Nõlvaku - FI","B>A",15560,0
"935de62fc0d6ea1339920cab0ccbcdbc",100651,597867,"FI","Nõlvaku - FI","B>A",15560,0
"935de62fc0d6ea1339920cab0ccbcdbc",100651,597871,"FI","Nõlvaku - FI","B>A",15560,0
"935de62fc0d6ea1339920cab0ccbcdbc",100651,597875,"FI","Nõlvaku - FI","B>A",15560,0
"935de62fc0d6ea1339920cab0ccbcdbc",100651,597879,"FI","Nõlvaku - FI","B>A",15560,0
"935de62fc0d6ea1339920cab0ccbcdbc",100651,597883,"FI","Nõlvaku - FI","B>A",15560,0
"935de62fc0d6ea1339920cab0ccbcdbc",100651,597887,"FI","Nõlvaku - FI","B>A",15560,0
"935de62fc0d6ea1339920cab0ccbcdbc",100651,597891,"FI","Nõlvaku - FI","B>A",15560,0
"935de62fc0d6ea1339920cab0ccbcdbc",100651,597895,"FI","Nõlvaku - FI","B>A",15560,0
"935de62fc0d6ea1339920cab0ccbcdbc",100651,597899,"FI","Nõlvaku - FI","B>A",15560,0
"935de62fc0d6ea1339920cab0ccbcdbc",100651,597903,"FI","Nõlvaku - FI","B>A",15560,0
"935de62fc0d6ea1339920cab0ccbcdbc",100652,597908,"FI","Nõlvaku - FI","B>A",15560,0
"935de62fc0d6ea1339920cab0ccbcdbc",100652,597912,"FI","Nõlvaku - FI","B>A",15560,0
"935de62fc0d6ea1339920cab0ccbcdbc",100652,597916,"FI","Nõlvaku - FI","B>A",15560,0
"935de62fc0d6ea1339920cab0ccbcdbc",100652,597920,"FI","Nõlvaku - FI","B>A",15560,0
"935de62fc0d6ea1339920cab0ccbcdbc",100652,597924,"FI","Nõlvaku - FI","B>A",15560,0
"935de62fc0d6ea1339920cab0ccbcdbc",100652,597928,"FI","Nõlvaku - FI","B>A",15560,0
"935de62fc0d6ea1339920cab0ccbcdbc",100652,597932,"FI","Nõlvaku - FI","B>A",15560,0
"935de62fc0d6ea1339920cab0ccbcdbc",100652,597936,"FI","Nõlvaku - FI","B>A",15560,0
"935de62fc0d6ea1339920cab0ccbcdbc",100652,597940,"FI","Nõlvaku - FI","B>A",15560,0
"935de62fc0d6ea1339920cab0ccbcdbc",100652,597944,"FI","Nõlvaku - FI","B>A",15560,0
"935de62fc0d6ea1339920cab0ccbcdbc",100652,597948,"FI","Nõlvaku - FI","B>A",15560,0
"935de62fc0d6ea1339920cab0ccbcdbc",100652,597952,"FI","Nõlvaku - FI","B>A",15560,0
"935de62fc0d6ea1339920cab0ccbcdbc",100652,597956,"FI","Nõlvaku - FI","B>A",15560,0
"935de62fc0d6ea1339920cab0ccbcdbc",100653,597961,"FI","Nõlvaku - FI","B>A",15560,0
"935de62fc0d6ea1339920cab0ccbcdbc",100653,597965,"FI","Nõlvaku - FI","B>A",15560,0
"935de62fc0d6ea1339920cab0ccbcdbc",100653,597969,"FI","Nõlvaku - FI","B>A",15560,0
"935de62fc0d6ea1339920cab0ccbcdbc",100653,597973,"FI","Nõlvaku - FI","B>A",15560,0
"935de62fc0d6ea1339920cab0ccbcdbc",100653,597977,"FI","Nõlvaku - FI","B>A",15560,0
"935de62fc0d6ea1339920cab0ccbcdbc",100653,597981,"FI","Nõlvaku - FI","B>A",15560,0
"935de62fc0d6ea1339920cab0ccbcdbc",100653,597985,"FI","Nõlvaku - FI","B>A",15560,0
"935de62fc0d6ea1339920cab0ccbcdbc",100653,597989,"FI","Nõlvaku - FI","B>A",15560,0
"935de62fc0d6ea1339920cab0ccbcdbc",100653,597993,"FI","Nõlvaku - FI","B>A",15560,0
"935de62fc0d6ea1339920cab0ccbcdbc",100653,597997,"FI","Nõlvaku - FI","B>A",15560,0
"935de62fc0d6ea1339920cab0ccbcdbc",100653,598001,"FI","Nõlvaku - FI","B>A",15560,0
"935de62fc0d6ea1339920cab0ccbcdbc",100653,598005,"FI","Nõlvaku - FI","B>A",15560,0
"935de62fc0d6ea1339920cab0ccbcdbc",100653,598009,"FI","Nõlvaku - FI","B>A",15560,0
"935de62fc0d6ea1339920cab0ccbcdbc",100654,598010,"FI","Nõlvaku - FI","B>A",15560,0
"935de62fc0d6ea1339920cab0ccbcdbc",100654,598014,"FI","Nõlvaku - FI","B>A",15560,0
"935de62fc0d6ea1339920cab0ccbcdbc",100654,598018,"FI","Nõlvaku - FI","B>A",15560,0
"935de62fc0d6ea1339920cab0ccbcdbc",100654,598022,"FI","Nõlvaku - FI","B>A",15560,0
"935de62fc0d6ea1339920cab0ccbcdbc",100654,598026,"FI","Nõlvaku - FI","B>A",15560,0
"935de62fc0d6ea1339920cab0ccbcdbc",100654,598030,"FI","Nõlvaku - FI","B>A",15560,0
"935de62fc0d6ea1339920cab0ccbcdbc",100654,598034,"FI","Nõlvaku - FI","B>A",15560,0
"935de62fc0d6ea1339920cab0ccbcdbc",100654,598038,"FI","Nõlvaku - FI","B>A",15560,0
"935de62fc0d6ea1339920cab0ccbcdbc",100654,598042,"FI","Nõlvaku - FI","B>A",15560,0
"31d2412568e598f3a2f65cb575c53104",100529,583327,"Nõlvaku","Nõlvaku - Kvissentali - Põllu - Nõlvaku","A>C1>A",8717,0
"31d2412568e598f3a2f65cb575c53104",100530,583336,"Nõlvaku","Nõlvaku - Kvissentali - Põllu - Nõlvaku","A>C1>A",8717,0
"31d2412568e598f3a2f65cb575c53104",100530,583350,"Nõlvaku","Nõlvaku - Kvissentali - Põllu - Nõlvaku","A>C1>A",8717,0
"31d2412568e598f3a2f65cb575c53104",100530,583352,"Nõlvaku","Nõlvaku - Kvissentali - Põllu - Nõlvaku","A>C1>A",8717,0
"31d2412568e598f3a2f65cb575c53104",100530,583354,"Nõlvaku","Nõlvaku - Kvissentali - Põllu - Nõlvaku","A>C1>A",8717,0
"31d2412568e598f3a2f65cb575c53104",100531,583363,"Nõlvaku","Nõlvaku - Kvissentali - Põllu - Nõlvaku","A>C1>A",8717,0
"31d2412568e598f3a2f65cb575c53104",100531,583365,"Nõlvaku","Nõlvaku - Kvissentali - Põllu - Nõlvaku","A>C1>A",8717,0
"31d2412568e598f3a2f65cb575c53104",100531,583367,"Nõlvaku","Nõlvaku - Kvissentali - Põllu - Nõlvaku","A>C1>A",8717,0
"31d2412568e598f3a2f65cb575c53104",100531,583369,"Nõlvaku","Nõlvaku - Kvissentali - Põllu - Nõlvaku","A>C1>A",8717,0
"31d2412568e598f3a2f65cb575c53104",100531,583371,"Nõlvaku","Nõlvaku - Kvissentali - Põllu - Nõlvaku","A>C1>A",8717,0
"31d2412568e598f3a2f65cb575c53104",100529,583329,"Nõlvaku","Nõlvaku - Põllu - Nõlvaku","A>B",8716,0
"31d2412568e598f3a2f65cb575c53104",100529,583331,"Nõlvaku","Nõlvaku - Põllu - Nõlvaku","A>B",8716,0
"31d2412568e598f3a2f65cb575c53104",100530,583332,"Nõlvaku","Nõlvaku - Põllu - Nõlvaku","A>B",8716,0
"31d2412568e598f3a2f65cb575c53104",100530,583334,"Nõlvaku","Nõlvaku - Põllu - Nõlvaku","A>B",8716,0
"31d2412568e598f3a2f65cb575c53104",100530,583338,"Nõlvaku","Nõlvaku - Põllu - Nõlvaku","A>B",8716,0
"31d2412568e598f3a2f65cb575c53104",100530,583340,"Nõlvaku","Nõlvaku - Põllu - Nõlvaku","A>B",8716,0
"31d2412568e598f3a2f65cb575c53104",100530,583342,"Nõlvaku","Nõlvaku - Põllu - Nõlvaku","A>B",8716,0
"31d2412568e598f3a2f65cb575c53104",100530,583344,"Nõlvaku","Nõlvaku - Põllu - Nõlvaku","A>B",8716,0
"31d2412568e598f3a2f65cb575c53104",100530,583346,"Nõlvaku","Nõlvaku - Põllu - Nõlvaku","A>B",8716,0
"31d2412568e598f3a2f65cb575c53104",100530,583348,"Nõlvaku","Nõlvaku - Põllu - Nõlvaku","A>B",8716,0
"31d2412568e598f3a2f65cb575c53104",100530,583356,"Nõlvaku","Nõlvaku - Põllu - Nõlvaku","A>B",8716,0
"31d2412568e598f3a2f65cb575c53104",100530,583358,"Nõlvaku","Nõlvaku - Põllu - Nõlvaku","A>B",8716,0
"31d2412568e598f3a2f65cb575c53104",100531,583359,"Nõlvaku","Nõlvaku - Põllu - Nõlvaku","A>B",8716,0
"31d2412568e598f3a2f65cb575c53104",100531,583361,"Nõlvaku","Nõlvaku - Põllu - Nõlvaku","A>B",8716,0
"31d2412568e598f3a2f65cb575c53104",100531,583373,"Nõlvaku","Nõlvaku - Põllu - Nõlvaku","A>B",8716,0
"31d2412568e598f3a2f65cb575c53104",100531,583375,"Nõlvaku","Nõlvaku - Põllu - Nõlvaku","A>B",8716,0
"31d2412568e598f3a2f65cb575c53104",100689,584084,"Nõlvaku","Nõlvaku - Põllu - Nõlvaku","A>B",8716,0
"31d2412568e598f3a2f65cb575c53104",100689,584086,"Nõlvaku","Nõlvaku - Põllu - Nõlvaku","A>B",8716,0
"31d2412568e598f3a2f65cb575c53104",100689,584088,"Nõlvaku","Nõlvaku - Põllu - Nõlvaku","A>B",8716,0
"31d2412568e598f3a2f65cb575c53104",100689,584090,"Nõlvaku","Nõlvaku - Põllu - Nõlvaku","A>B",8716,0
"31d2412568e598f3a2f65cb575c53104",100689,584092,"Nõlvaku","Nõlvaku - Põllu - Nõlvaku","A>B",8716,0
"31d2412568e598f3a2f65cb575c53104",100689,584094,"Nõlvaku","Nõlvaku - Põllu - Nõlvaku","A>B",8716,0
"31d2412568e598f3a2f65cb575c53104",100689,584096,"Nõlvaku","Nõlvaku - Põllu - Nõlvaku","A>B",8716,0
"31d2412568e598f3a2f65cb575c53104",100689,584098,"Nõlvaku","Nõlvaku - Põllu - Nõlvaku","A>B",8716,0
"31d2412568e598f3a2f65cb575c53104",100689,584100,"Nõlvaku","Nõlvaku - Põllu - Nõlvaku","A>B",8716,0
"5eb9147b09d7bd1f84594f56d70530a8",100532,583384,"Ringtee","Ringtee - Kannikese -Ringtee","A1>B1",22471,0
"5eb9147b09d7bd1f84594f56d70530a8",100532,583386,"Ringtee","Ringtee - Kannikese -Ringtee","A1>B1",22471,0
"5eb9147b09d7bd1f84594f56d70530a8",100532,583388,"Ringtee","Ringtee - Kannikese -Ringtee","A1>B1",22471,0
"5eb9147b09d7bd1f84594f56d70530a8",100532,583382,"Ringtee","Tähe  - Kannikese - Ringtee","A>C2>A1",22472,0
"5eb9147b09d7bd1f84594f56d70530a8",100532,583400,"Ringtee","Tähe  - Kannikese - Ringtee","A>C2>A1",22472,0
"5eb9147b09d7bd1f84594f56d70530a8",100532,583378,"Tähe","Tähe - Ravila Tööstuspark - Tähe","A>B",22469,0
"5eb9147b09d7bd1f84594f56d70530a8",100532,583380,"Tähe","Tähe - Ravila Tööstuspark - Tähe","A>B",22469,0
"5eb9147b09d7bd1f84594f56d70530a8",100532,583392,"Tähe","Tähe - Ravila Tööstuspark - Tähe","A>B",22469,0
"5eb9147b09d7bd1f84594f56d70530a8",100532,583394,"Tähe","Tähe - Ravila Tööstuspark - Tähe","A>B",22469,0
"5eb9147b09d7bd1f84594f56d70530a8",100532,583396,"Tähe","Tähe - Ravila Tööstuspark - Tähe","A>B",22469,0
"5eb9147b09d7bd1f84594f56d70530a8",100532,583398,"Tähe","Tähe - Ravila Tööstuspark - Tähe","A>B",22469,0
"5eb9147b09d7bd1f84594f56d70530a8",100532,583376,"Tähe","Ringtee - Ravila Tööstuspark - Tähe","A1>B",22470,0
"5eb9147b09d7bd1f84594f56d70530a8",100532,583390,"Tähe","Ringtee - Ravila Tööstuspark - Tähe","A1>B",22470,0
"97e270b55c642c184e332af3f21510d1",100536,583432,"Ringtee","Tähe - Nõlvaku - Ringtee","A>B1",12742,0
"97e270b55c642c184e332af3f21510d1",100533,583403,"Tähe","Tähe - Nõlvaku - Tähe","A>B",12741,0
"97e270b55c642c184e332af3f21510d1",100533,583405,"Tähe","Tähe - Nõlvaku - Tähe","A>B",12741,0
"97e270b55c642c184e332af3f21510d1",100533,583407,"Tähe","Tähe - Nõlvaku - Tähe","A>B",12741,0
"97e270b55c642c184e332af3f21510d1",100533,583409,"Tähe","Tähe - Nõlvaku - Tähe","A>B",12741,0
"97e270b55c642c184e332af3f21510d1",100534,583412,"Tähe","Tähe - Nõlvaku - Tähe","A>B",12741,0
"97e270b55c642c184e332af3f21510d1",100535,583415,"Tähe","Tähe - Nõlvaku - Tähe","A>B",12741,0
"97e270b55c642c184e332af3f21510d1",100536,583418,"Tähe","Tähe - Nõlvaku - Tähe","A>B",12741,0
"97e270b55c642c184e332af3f21510d1",100536,583420,"Tähe","Tähe - Nõlvaku - Tähe","A>B",12741,0
"97e270b55c642c184e332af3f21510d1",100536,583422,"Tähe","Tähe - Nõlvaku - Tähe","A>B",12741,0
"97e270b55c642c184e332af3f21510d1",100536,583424,"Tähe","Tähe - Nõlvaku - Tähe","A>B",12741,0
"97e270b55c642c184e332af3f21510d1",100536,583426,"Tähe","Tähe - Nõlvaku - Tähe","A>B",12741,0
"97e270b55c642c184e332af3f21510d1",100536,583428,"Tähe","Tähe - Nõlvaku - Tähe","A>B",12741,0
"97e270b55c642c184e332af3f21510d1",100536,583430,"Tähe","Tähe - Nõlvaku - Tähe","A>B",12741,0
"97e270b55c642c184e332af3f21510d1",100533,583401,"Tähe","Ringtee - Nõlvaku - Tähe","A1>B",12577,0
"97e270b55c642c184e332af3f21510d1",100534,583410,"Tähe","Ringtee - Nõlvaku - Tähe","A1>B",12577,0
"97e270b55c642c184e332af3f21510d1",100535,583413,"Tähe","Ringtee - Nõlvaku - Tähe","A1>B",12577,0
"97e270b55c642c184e332af3f21510d1",100536,583416,"Tähe","Ringtee - Nõlvaku - Tähe","A1>B",12577,0
"b1fa388df3039716a99bb851cb9be733",100538,583440,"Sepa turg","Ringtee - Paju - Sepa Turg","A2>B",12746,0
"b1fa388df3039716a99bb851cb9be733",100538,583454,"Ringtee","Sepa Turg - Ringtee","A>B3",12748,0
"b1fa388df3039716a99bb851cb9be733",100537,583439,"Sepa turg","Sepa Turg - Paju - Sepa Turg","A>B",12743,0
"b1fa388df3039716a99bb851cb9be733",100538,583442,"Sepa turg","Sepa Turg - Paju - Sepa Turg","A>B",12743,0
"b1fa388df3039716a99bb851cb9be733",100538,583444,"Sepa turg","Sepa Turg - Paju - Sepa Turg","A>B",12743,0
"b1fa388df3039716a99bb851cb9be733",100538,583446,"Sepa turg","Sepa Turg - Paju - Sepa Turg","A>B",12743,0
"b1fa388df3039716a99bb851cb9be733",100538,583448,"Sepa turg","Sepa Turg - Paju - Sepa Turg","A>B",12743,0
"b1fa388df3039716a99bb851cb9be733",100538,583450,"Sepa turg","Sepa Turg - Paju - Sepa Turg","A>B",12743,0
"b1fa388df3039716a99bb851cb9be733",100538,583452,"Sepa turg","Sepa Turg - Paju - Sepa Turg","A>B",12743,0
"b1fa388df3039716a99bb851cb9be733",100537,583433,"Tähe","Ringtee - Paju - Tähe","A2>B2",12747,0
"b1fa388df3039716a99bb851cb9be733",100537,583435,"Tähe","Tähe - Paju - Tähe","A1>B1",12745,0
"b1fa388df3039716a99bb851cb9be733",100537,583437,"Sepa turg","Tähe - Paju - Sepa Turg","A1>B",12744,0
"b60cfc46cbd899ec3c6adcb4949acabd",100539,583455,"Turu","Turu - Kasteheina - Turu","A>B",8094,0
"b60cfc46cbd899ec3c6adcb4949acabd",100539,583457,"Turu","Turu - Kasteheina - Turu","A>B",8094,0
"b60cfc46cbd899ec3c6adcb4949acabd",100539,583459,"Turu","Turu - Kasteheina - Turu","A>B",8094,0
"b60cfc46cbd899ec3c6adcb4949acabd",100539,583461,"Turu","Turu - Kasteheina - Turu","A>B",8094,0
"b60cfc46cbd899ec3c6adcb4949acabd",100539,583462,"Turu","Turu - Kasteheina - Turu","A>B",8094,0
"b60cfc46cbd899ec3c6adcb4949acabd",100539,583464,"Turu","Turu - Kasteheina - Turu","A>B",8094,0
"b60cfc46cbd899ec3c6adcb4949acabd",100539,583466,"Turu","Turu - Kasteheina - Turu","A>B",8094,0
"b60cfc46cbd899ec3c6adcb4949acabd",100539,583468,"Turu","Turu - Kasteheina - Turu","A>B",8094,0
"b60cfc46cbd899ec3c6adcb4949acabd",100540,583469,"Turu","Turu - Kasteheina - Turu","A>B",8094,0
"b60cfc46cbd899ec3c6adcb4949acabd",100540,583471,"Turu","Turu - Kasteheina - Turu","A>B",8094,0
"b60cfc46cbd899ec3c6adcb4949acabd",100540,583473,"Turu","Turu - Kasteheina - Turu","A>B",8094,0
"b60cfc46cbd899ec3c6adcb4949acabd",100540,583475,"Turu","Turu - Kasteheina - Turu","A>B",8094,0
"b60cfc46cbd899ec3c6adcb4949acabd",100540,583477,"Turu","Turu - Kasteheina - Turu","A>B",8094,0
"b60cfc46cbd899ec3c6adcb4949acabd",100540,603199,"Turu","Turu - Kasteheina - Turu","A>B",8094,0
"b60cfc46cbd899ec3c6adcb4949acabd",100540,603200,"Turu","Turu - Kasteheina - Turu","A>B",8094,0
"b60cfc46cbd899ec3c6adcb4949acabd",100540,603201,"Turu","Turu - Kasteheina - Turu","A>B",8094,0
"b60cfc46cbd899ec3c6adcb4949acabd",100540,603202,"Turu","Turu - Kasteheina - Turu","A>B",8094,0
"b60cfc46cbd899ec3c6adcb4949acabd",100540,603203,"Turu","Turu - Kasteheina - Turu","A>B",8094,0
"b60cfc46cbd899ec3c6adcb4949acabd",100540,603204,"Turu","Turu - Kasteheina - Turu","A>B",8094,0
"b60cfc46cbd899ec3c6adcb4949acabd",100540,603205,"Turu","Turu - Kasteheina - Turu","A>B",8094,0
"b60cfc46cbd899ec3c6adcb4949acabd",100690,584101,"Turu","Turu - Kasteheina - Turu","A>B",8094,0
"b60cfc46cbd899ec3c6adcb4949acabd",100690,584103,"Turu","Turu - Kasteheina - Turu","A>B",8094,0
"b60cfc46cbd899ec3c6adcb4949acabd",100690,584105,"Turu","Turu - Kasteheina - Turu","A>B",8094,0
"b60cfc46cbd899ec3c6adcb4949acabd",100690,584107,"Turu","Turu - Kasteheina - Turu","A>B",8094,0
"b60cfc46cbd899ec3c6adcb4949acabd",100690,584109,"Turu","Turu - Kasteheina - Turu","A>B",8094,0
"b60cfc46cbd899ec3c6adcb4949acabd",100690,584111,"Turu","Turu - Kasteheina - Turu","A>B",8094,0
"b60cfc46cbd899ec3c6adcb4949acabd",100690,584113,"Turu","Turu - Kasteheina - Turu","A>B",8094,0
"b60cfc46cbd899ec3c6adcb4949acabd",100690,584115,"Turu","Turu - Kasteheina - Turu","A>B",8094,0
"b60cfc46cbd899ec3c6adcb4949acabd",100690,584117,"Turu","Turu - Kasteheina - Turu","A>B",8094,0
"b60cfc46cbd899ec3c6adcb4949acabd",100690,584119,"Turu","Turu - Kasteheina - Turu","A>B",8094,0
"b60cfc46cbd899ec3c6adcb4949acabd",100690,584121,"Turu","Turu - Kasteheina - Turu","A>B",8094,0
"b60cfc46cbd899ec3c6adcb4949acabd",100690,584123,"Turu","Turu - Kasteheina - Turu","A>B",8094,0
"b60cfc46cbd899ec3c6adcb4949acabd",100690,584125,"Turu","Turu - Kasteheina - Turu","A>B",8094,0
"b60cfc46cbd899ec3c6adcb4949acabd",100690,584127,"Turu","Turu - Kasteheina - Turu","A>B",8094,0
"b60cfc46cbd899ec3c6adcb4949acabd",100690,584129,"Turu","Turu - Kasteheina - Turu","A>B",8094,0
"b60cfc46cbd899ec3c6adcb4949acabd",100690,584131,"Turu","Turu - Kasteheina - Turu","A>B",8094,0
"b60cfc46cbd899ec3c6adcb4949acabd",100690,584133,"Turu","Turu - Kasteheina - Turu","A>B",8094,0
"3700a3a14ad0ae522ba01e73de7fc0dc",100541,583491,"Soola","Soola - Kasteheina - Soola","A>B",26417,0
"3700a3a14ad0ae522ba01e73de7fc0dc",100541,583493,"Soola","Soola - Kasteheina - Soola","A>B",26417,0
"3700a3a14ad0ae522ba01e73de7fc0dc",100541,583495,"Soola","Soola - Kasteheina - Soola","A>B",26417,0
"3700a3a14ad0ae522ba01e73de7fc0dc",100541,583497,"Soola","Soola - Kasteheina - Soola","A>B",26417,0
"3700a3a14ad0ae522ba01e73de7fc0dc",100541,583499,"Soola","Soola - Kasteheina - Soola","A>B",26417,0
"3700a3a14ad0ae522ba01e73de7fc0dc",100541,583501,"Soola","Soola - Kasteheina - Soola","A>B",26417,0
"3700a3a14ad0ae522ba01e73de7fc0dc",100541,583503,"Soola","Soola - Kasteheina - Soola","A>B",26417,0
"3700a3a14ad0ae522ba01e73de7fc0dc",100541,583505,"Soola","Soola - Kasteheina - Soola","A>B",26417,0
"3700a3a14ad0ae522ba01e73de7fc0dc",100541,583507,"Soola","Soola - Kasteheina - Soola","A>B",26417,0
"3700a3a14ad0ae522ba01e73de7fc0dc",100541,583509,"Soola","Soola - Kasteheina - Soola","A>B",26417,0
"3700a3a14ad0ae522ba01e73de7fc0dc",100541,583511,"Soola","Soola - Kasteheina - Soola","A>B",26417,0
"3700a3a14ad0ae522ba01e73de7fc0dc",100541,583513,"Soola","Soola - Kasteheina - Soola","A>B",26417,0
"3700a3a14ad0ae522ba01e73de7fc0dc",100541,583515,"Soola","Soola - Kasteheina - Soola","A>B",26417,0
"3700a3a14ad0ae522ba01e73de7fc0dc",100541,583517,"Soola","Soola - Kasteheina - Soola","A>B",26417,0
"3700a3a14ad0ae522ba01e73de7fc0dc",100541,583519,"Soola","Soola - Kasteheina - Soola","A>B",26417,0
"3700a3a14ad0ae522ba01e73de7fc0dc",100541,583521,"Soola","Soola - Kasteheina - Soola","A>B",26417,0
"3700a3a14ad0ae522ba01e73de7fc0dc",100541,583523,"Soola","Soola - Kasteheina - Soola","A>B",26417,0
"3700a3a14ad0ae522ba01e73de7fc0dc",100541,583525,"Soola","Soola - Kasteheina - Soola","A>B",26417,0
"3700a3a14ad0ae522ba01e73de7fc0dc",100541,583527,"Soola","Soola - Kasteheina - Soola","A>B",26417,0
"3700a3a14ad0ae522ba01e73de7fc0dc",100541,583529,"Soola","Soola - Kasteheina - Soola","A>B",26417,0
"3700a3a14ad0ae522ba01e73de7fc0dc",100541,583531,"Soola","Soola - Kasteheina - Soola","A>B",26417,0
"3700a3a14ad0ae522ba01e73de7fc0dc",100541,583533,"Soola","Soola - Kasteheina - Soola","A>B",26417,0
"3700a3a14ad0ae522ba01e73de7fc0dc",100541,583535,"Soola","Soola - Kasteheina - Soola","A>B",26417,0
"3700a3a14ad0ae522ba01e73de7fc0dc",100541,583537,"Soola","Soola - Kasteheina - Soola","A>B",26417,0
"3700a3a14ad0ae522ba01e73de7fc0dc",100541,583539,"Soola","Soola - Kasteheina - Soola","A>B",26417,0
"3700a3a14ad0ae522ba01e73de7fc0dc",100691,584134,"Soola","Soola - Kasteheina - Soola","A>B",26417,0
"3700a3a14ad0ae522ba01e73de7fc0dc",100691,584136,"Soola","Soola - Kasteheina - Soola","A>B",26417,0
"3700a3a14ad0ae522ba01e73de7fc0dc",100691,584138,"Soola","Soola - Kasteheina - Soola","A>B",26417,0
"3700a3a14ad0ae522ba01e73de7fc0dc",100691,584140,"Soola","Soola - Kasteheina - Soola","A>B",26417,0
"3700a3a14ad0ae522ba01e73de7fc0dc",100691,584142,"Soola","Soola - Kasteheina - Soola","A>B",26417,0
"3700a3a14ad0ae522ba01e73de7fc0dc",100691,584144,"Soola","Soola - Kasteheina - Soola","A>B",26417,0
"3700a3a14ad0ae522ba01e73de7fc0dc",100691,584146,"Soola","Soola - Kasteheina - Soola","A>B",26417,0
"3700a3a14ad0ae522ba01e73de7fc0dc",100691,584148,"Soola","Soola - Kasteheina - Soola","A>B",26417,0
"3700a3a14ad0ae522ba01e73de7fc0dc",100691,584150,"Soola","Soola - Kasteheina - Soola","A>B",26417,0
"3700a3a14ad0ae522ba01e73de7fc0dc",100691,584152,"Soola","Soola - Kasteheina - Soola","A>B",26417,0
"3700a3a14ad0ae522ba01e73de7fc0dc",100691,584154,"Soola","Soola - Kasteheina - Soola","A>B",26417,0
"3700a3a14ad0ae522ba01e73de7fc0dc",100691,584156,"Soola","Soola - Kasteheina - Soola","A>B",26417,0
"3700a3a14ad0ae522ba01e73de7fc0dc",100691,584158,"Soola","Soola - Kasteheina - Soola","A>B",26417,0
"3700a3a14ad0ae522ba01e73de7fc0dc",100691,584160,"Soola","Soola - Kasteheina - Soola","A>B",26417,0
"3700a3a14ad0ae522ba01e73de7fc0dc",100691,584162,"Soola","Soola - Kasteheina - Soola","A>B",26417,0
"3700a3a14ad0ae522ba01e73de7fc0dc",100691,584164,"Soola","Soola - Kasteheina - Soola","A>B",26417,0
"3700a3a14ad0ae522ba01e73de7fc0dc",100691,584166,"Soola","Soola - Kasteheina - Soola","A>B",26417,0
"3700a3a14ad0ae522ba01e73de7fc0dc",100691,584168,"Soola","Soola - Kasteheina - Soola","A>B",26417,0
"3700a3a14ad0ae522ba01e73de7fc0dc",100691,584170,"Soola","Soola - Kasteheina - Soola","A>B",26417,0
"3700a3a14ad0ae522ba01e73de7fc0dc",100691,584172,"Soola","Soola - Kasteheina - Soola","A>B",26417,0
"3700a3a14ad0ae522ba01e73de7fc0dc",100691,584174,"Soola","Soola - Kasteheina - Soola","A>B",26417,0
"2493fe3475f29c80297231f2e4cd6de7",100542,583543,"Zoomeedikum","Nõlvaku - Zoomeedikum","A>B",8649,0
"2493fe3475f29c80297231f2e4cd6de7",100542,583547,"Zoomeedikum","Nõlvaku - Zoomeedikum","A>B",8649,0
"2493fe3475f29c80297231f2e4cd6de7",100542,583551,"Zoomeedikum","Nõlvaku - Zoomeedikum","A>B",8649,0
"2493fe3475f29c80297231f2e4cd6de7",100542,583555,"Zoomeedikum","Nõlvaku - Zoomeedikum","A>B",8649,0
"2493fe3475f29c80297231f2e4cd6de7",100542,583559,"Zoomeedikum","Nõlvaku - Zoomeedikum","A>B",8649,0
"2493fe3475f29c80297231f2e4cd6de7",100542,583563,"Zoomeedikum","Nõlvaku - Zoomeedikum","A>B",8649,0
"2493fe3475f29c80297231f2e4cd6de7",100542,583567,"Zoomeedikum","Nõlvaku - Zoomeedikum","A>B",8649,0
"2493fe3475f29c80297231f2e4cd6de7",100542,583571,"Zoomeedikum","Nõlvaku - Zoomeedikum","A>B",8649,0
"2493fe3475f29c80297231f2e4cd6de7",100542,583575,"Zoomeedikum","Nõlvaku - Zoomeedikum","A>B",8649,0
"2493fe3475f29c80297231f2e4cd6de7",100542,583579,"Zoomeedikum","Nõlvaku - Zoomeedikum","A>B",8649,0
"2493fe3475f29c80297231f2e4cd6de7",100542,583540,"Logistikakeskus","Nõlvaku - Logistikakeskus","A>C1",3796,0
"2493fe3475f29c80297231f2e4cd6de7",100542,583541,"Nõlvaku","Logistikakeskus - Nõlvaku","C1>A",12750,0
"2493fe3475f29c80297231f2e4cd6de7",100542,583545,"Nõlvaku","Zoomeedikum - Nõlvaku","B>A",12749,0
"2493fe3475f29c80297231f2e4cd6de7",100542,583549,"Nõlvaku","Zoomeedikum - Nõlvaku","B>A",12749,0
"2493fe3475f29c80297231f2e4cd6de7",100542,583553,"Nõlvaku","Zoomeedikum - Nõlvaku","B>A",12749,0
"2493fe3475f29c80297231f2e4cd6de7",100542,583557,"Nõlvaku","Zoomeedikum - Nõlvaku","B>A",12749,0
"2493fe3475f29c80297231f2e4cd6de7",100542,583561,"Nõlvaku","Zoomeedikum - Nõlvaku","B>A",12749,0
"2493fe3475f29c80297231f2e4cd6de7",100542,583565,"Nõlvaku","Zoomeedikum - Nõlvaku","B>A",12749,0
"2493fe3475f29c80297231f2e4cd6de7",100542,583569,"Nõlvaku","Zoomeedikum - Nõlvaku","B>A",12749,0
"2493fe3475f29c80297231f2e4cd6de7",100542,583573,"Nõlvaku","Zoomeedikum - Nõlvaku","B>A",12749,0
"2493fe3475f29c80297231f2e4cd6de7",100542,583577,"Nõlvaku","Zoomeedikum - Nõlvaku","B>A",12749,0
"2493fe3475f29c80297231f2e4cd6de7",100542,583581,"Nõlvaku","Zoomeedikum - Nõlvaku","B>A",12749,0
"2493fe3475f29c80297231f2e4cd6de7",100692,584177,"Nõlvaku","Zoomeedikum - Nõlvaku","B>A",12749,0
"2493fe3475f29c80297231f2e4cd6de7",100692,584181,"Nõlvaku","Zoomeedikum - Nõlvaku","B>A",12749,0
"2493fe3475f29c80297231f2e4cd6de7",100692,584185,"Nõlvaku","Zoomeedikum - Nõlvaku","B>A",12749,0
"2493fe3475f29c80297231f2e4cd6de7",100692,584189,"Nõlvaku","Zoomeedikum - Nõlvaku","B>A",12749,0
"2493fe3475f29c80297231f2e4cd6de7",100692,584193,"Nõlvaku","Zoomeedikum - Nõlvaku","B>A",12749,0
"2493fe3475f29c80297231f2e4cd6de7",100692,584197,"Nõlvaku","Zoomeedikum - Nõlvaku","B>A",12749,0
"2493fe3475f29c80297231f2e4cd6de7",100692,584175,"Zoomeedikum","Nõlvaku - Zoomeedikum","A>B",8649,0
"2493fe3475f29c80297231f2e4cd6de7",100692,584179,"Zoomeedikum","Nõlvaku - Zoomeedikum","A>B",8649,0
"2493fe3475f29c80297231f2e4cd6de7",100692,584183,"Zoomeedikum","Nõlvaku - Zoomeedikum","A>B",8649,0
"2493fe3475f29c80297231f2e4cd6de7",100692,584187,"Zoomeedikum","Nõlvaku - Zoomeedikum","A>B",8649,0
"2493fe3475f29c80297231f2e4cd6de7",100692,584191,"Zoomeedikum","Nõlvaku - Zoomeedikum","A>B",8649,0
"2493fe3475f29c80297231f2e4cd6de7",100692,584195,"Zoomeedikum","Nõlvaku - Zoomeedikum","A>B",8649,0
"dbc1a6d814155cf0e1b8034057533a8b",100543,583582,"Zoomeedikum","Nõlvaku - Zoomeedikum","A>B",8651,0
"dbc1a6d814155cf0e1b8034057533a8b",100543,583586,"Zoomeedikum","Nõlvaku - Zoomeedikum","A>B",8651,0
"dbc1a6d814155cf0e1b8034057533a8b",100543,583590,"Zoomeedikum","Nõlvaku - Zoomeedikum","A>B",8651,0
"dbc1a6d814155cf0e1b8034057533a8b",100543,583594,"Zoomeedikum","Nõlvaku - Zoomeedikum","A>B",8651,0
"dbc1a6d814155cf0e1b8034057533a8b",100543,583598,"Zoomeedikum","Nõlvaku - Zoomeedikum","A>B",8651,0
"dbc1a6d814155cf0e1b8034057533a8b",100543,583602,"Zoomeedikum","Nõlvaku - Zoomeedikum","A>B",8651,0
"dbc1a6d814155cf0e1b8034057533a8b",100543,583606,"Zoomeedikum","Nõlvaku - Zoomeedikum","A>B",8651,0
"dbc1a6d814155cf0e1b8034057533a8b",100543,583610,"Zoomeedikum","Nõlvaku - Zoomeedikum","A>B",8651,0
"dbc1a6d814155cf0e1b8034057533a8b",100543,583584,"Nõlvaku","Zoomeedikum - Nõlvaku","B>A",12751,0
"dbc1a6d814155cf0e1b8034057533a8b",100543,583588,"Nõlvaku","Zoomeedikum - Nõlvaku","B>A",12751,0
"dbc1a6d814155cf0e1b8034057533a8b",100543,583592,"Nõlvaku","Zoomeedikum - Nõlvaku","B>A",12751,0
"dbc1a6d814155cf0e1b8034057533a8b",100543,583596,"Nõlvaku","Zoomeedikum - Nõlvaku","B>A",12751,0
"dbc1a6d814155cf0e1b8034057533a8b",100543,583600,"Nõlvaku","Zoomeedikum - Nõlvaku","B>A",12751,0
"dbc1a6d814155cf0e1b8034057533a8b",100543,583604,"Nõlvaku","Zoomeedikum - Nõlvaku","B>A",12751,0
"dbc1a6d814155cf0e1b8034057533a8b",100543,583608,"Nõlvaku","Zoomeedikum - Nõlvaku","B>A",12751,0
"dbc1a6d814155cf0e1b8034057533a8b",100543,583612,"Nõlvaku","Zoomeedikum - Nõlvaku","B>A",12751,0
"ac3df88604eb37e45b66e66373b02e14",100544,583613,"Ringtee","Jalaka - Kasteheina - Ringtee","A1>B",24948,0
"ac3df88604eb37e45b66e66373b02e14",100544,583615,"Ringtee","Ringtee - Kasteheina - Ringtee","A>B",24947,0
"ac3df88604eb37e45b66e66373b02e14",100544,583617,"Ringtee","Ringtee - Kasteheina - Ringtee","A>B",24947,0
"ac3df88604eb37e45b66e66373b02e14",100544,583619,"Ringtee","Ringtee - Kasteheina - Ringtee","A>B",24947,0
"ac3df88604eb37e45b66e66373b02e14",100544,583621,"Ringtee","Ringtee - Kasteheina - Ringtee","A>B",24947,0
"ac3df88604eb37e45b66e66373b02e14",100544,583623,"Ringtee","Ringtee - Kasteheina - Ringtee","A>B",24947,0
"ac3df88604eb37e45b66e66373b02e14",100544,583625,"Ringtee","Ringtee - Kasteheina - Ringtee","A>B",24947,0
"ac3df88604eb37e45b66e66373b02e14",100544,583627,"Ringtee","Ringtee - Kasteheina - Ringtee","A>B",24947,0
"ac3df88604eb37e45b66e66373b02e14",100544,583629,"Ringtee","Ringtee - Kasteheina - Ringtee","A>B",24947,0
"ac3df88604eb37e45b66e66373b02e14",100544,583631,"Ringtee","Ringtee - Kasteheina - Ringtee","A>B",24947,0
"ac3df88604eb37e45b66e66373b02e14",100693,584198,"Ringtee","Jalaka - Kasteheina - Ringtee","A1>B",24948,0
"ac3df88604eb37e45b66e66373b02e14",100693,584200,"Ringtee","Ringtee - Kasteheina - Ringtee","A>B",24947,0
"ac3df88604eb37e45b66e66373b02e14",100693,584202,"Ringtee","Ringtee - Kasteheina - Ringtee","A>B",24947,0
"ac3df88604eb37e45b66e66373b02e14",100693,584204,"Ringtee","Ringtee - Kasteheina - Ringtee","A>B",24947,0
"ac3df88604eb37e45b66e66373b02e14",100693,584206,"Ringtee","Ringtee - Kasteheina - Ringtee","A>B",24947,0
"ac3df88604eb37e45b66e66373b02e14",100693,584208,"Ringtee","Ringtee - Kasteheina - Ringtee","A>B",24947,0
"ac3df88604eb37e45b66e66373b02e14",100693,584210,"Ringtee","Ringtee - Kasteheina - Ringtee","A>B",24947,0
"ac3df88604eb37e45b66e66373b02e14",100693,584212,"Ringtee","Ringtee - Kasteheina - Ringtee","A>B",24947,0
"ac3df88604eb37e45b66e66373b02e14",100693,584214,"Ringtee","Ringtee - Kasteheina - Ringtee","A>B",24947,0
"ac3df88604eb37e45b66e66373b02e14",100693,584216,"Ringtee","Ringtee - Kasteheina - Ringtee","A>B",24947,0
"ac3df88604eb37e45b66e66373b02e14",100694,584217,"Ringtee","Jalaka - Kasteheina - Ringtee","A1>B",24948,0
"ac3df88604eb37e45b66e66373b02e14",100694,584219,"Ringtee","Ringtee - Kasteheina - Ringtee","A>B",24947,0
"ac3df88604eb37e45b66e66373b02e14",100694,584221,"Ringtee","Ringtee - Kasteheina - Ringtee","A>B",24947,0
"ac3df88604eb37e45b66e66373b02e14",100694,584223,"Ringtee","Ringtee - Kasteheina - Ringtee","A>B",24947,0
"ac3df88604eb37e45b66e66373b02e14",100694,584225,"Ringtee","Ringtee - Kasteheina - Ringtee","A>B",24947,0
"ac3df88604eb37e45b66e66373b02e14",100694,584227,"Ringtee","Ringtee - Kasteheina - Ringtee","A>B",24947,0
"ac3df88604eb37e45b66e66373b02e14",100694,584229,"Ringtee","Ringtee - Kasteheina - Ringtee","A>B",24947,0
"ac3df88604eb37e45b66e66373b02e14",100694,584231,"Ringtee","Ringtee - Kasteheina - Ringtee","A>B",24947,0
"ac3df88604eb37e45b66e66373b02e14",100694,584233,"Ringtee","Ringtee - Kasteheina - Ringtee","A>B",24947,0
